General-9-20191214-14,0
General-9-20191214-14,0
General-9-20191214-14,0
General-9-20191214-14,0
General-9-20191214-14,0
General-9-20191214-14,0
General-9-20191214-14,0
General-9-20191214-14,0
General-9-20191214-14,0
General-9-20191214-14,0
General-9-20191214-14,0
General-9-20191214-14,0
General-9-20191214-14,0
General-9-20191214-14,0
General-9-20191214-14,0
General-9-20191214-14,0
General-9-20191214-14,0
General-9-20191214-14,0
General-9-20191214-14,0
General-9-20191214-14,0
General-9-20191214-14,0
General-9-20191214-14,0
General-9-20191214-14,0
General-9-20191214-14,0
General-9-20191214-14,0
General-9-20191214-14,0
General-9-20191214-14,0
General-9-20191214-14,0
General-9-20191214-14,0
General-9-20191214-14,0
General-9-20191214-14,0
General-9-20191214-14,0
General-9-20191214-14,0
General-9-20191214-14,0
General-9-20191214-14,0
General-9-20191214-14,0
General-9-20191214-14,0
General-9-20191214-14,0
General-9-20191214-14,0
General-9-20191214-14,0
General-9-20191214-14,0
General-9-20191214-14,0
General-9-20191214-14,0
General-9-20191214-14,0
General-9-20191214-14,0
General-9-20191214-14,0
General-9-20191214-14,0
General-9-20191214-14,0
General-9-20191214-14,0
General-9-20191214-14,0
General-9-20191214-14,0
General-9-20191214-14,0
General-9-20191214-14,0
General-9-20191214-14,0
General-9-20191214-14,0
General-9-20191214-14,0
General-9-20191214-14,0
General-9-20191214-14,0
General-9-20191214-14,0
General-9-20191214-14,0
General-9-20191214-14,0
General-9-20191214-14,0
General-9-20191214-14,0
General-9-20191214-14,0
General-9-20191214-14,0
General-9-20191214-14,0
General-9-20191214-14,0
General-9-20191214-14,0
General-9-20191214-14,0
General-9-20191214-14,0
General-9-20191214-14,0
General-9-20191214-14,0
General-9-20191214-14,0
General-9-20191214-14,0
General-9-20191214-14,0
General-9-20191214-14,0
General-9-20191214-14,0
General-9-20191214-14,0
General-9-20191214-14,0
General-9-20191214-14,0
General-9-20191214-14,0
General-9-20191214-14,0
General-9-20191214-14,0
General-9-20191214-14,0
General-9-20191214-14,0
General-9-20191214-14,0
General-9-20191214-14,0
General-9-20191214-14,0
General-9-20191214-14,0
General-9-20191214-14,0
General-9-20191214-14,0
General-9-20191214-14,0
General-9-20191214-14,0
General-9-20191214-14,0
General-9-20191214-14,0
General-9-20191214-14,0
General-9-20191214-14,0
General-9-20191214-14,0
General-9-20191214-14,0
General-9-20191214-14,0
General-9-20191214-14,0
General-9-20191214-14,0
General-9-20191214-14,0
General-9-20191214-14,0
General-9-20191214-14,0
General-9-20191214-14,0
General-9-20191214-14,0
General-9-20191214-14,0
General-9-20191214-14,0
General-9-20191214-14,0
General-9-20191214-14,0
General-9-20191214-14,0
General-9-20191214-14,0
General-9-20191214-14,0
General-9-20191214-14,0
General-9-20191214-14,0
General-9-20191214-14,0
General-9-20191214-14,0
General-9-20191214-14,0
General-9-20191214-14,0
General-9-20191214-14,0
General-9-20191214-14,0
General-9-20191214-14,0
General-9-20191214-14,0
General-9-20191214-14,0
General-9-20191214-14,0
General-9-20191214-14,0
General-9-20191214-14,0
General-9-20191214-14,0
General-9-20191214-14,0
General-9-20191214-14,0
General-9-20191214-14,0
General-9-20191214-14,0
General-9-20191214-14,0
General-9-20191214-14,0
General-9-20191214-14,0
General-9-20191214-14,0
General-9-20191214-14,0
General-9-20191214-14,0
General-9-20191214-14,0
General-9-20191214-14,0
General-9-20191214-14,0
General-9-20191214-14,0
General-9-20191214-14,0
General-9-20191214-14,0
General-9-20191214-14,0
General-9-20191214-14,0
General-9-20191214-14,0
General-9-20191214-14,0
General-9-20191214-14,0
General-9-20191214-14,0
General-9-20191214-14,0
General-9-20191214-14,0
General-9-20191214-14,0
General-9-20191214-14,0
General-9-20191214-14,0
General-9-20191214-14,0
General-9-20191214-14,0
General-9-20191214-14,0
General-9-20191214-14,0
General-9-20191214-14,0
General-9-20191214-14,0
General-9-20191214-14,0
General-9-20191214-14,0
General-9-20191214-14,0
General-9-20191214-14,0
General-9-20191214-14,0
General-9-20191214-14,0
General-9-20191214-14,0
General-9-20191214-14,0
General-9-20191214-14,0
General-9-20191214-14,0
General-9-20191214-14,0
General-9-20191214-14,0
General-9-20191214-14,0
General-9-20191214-14,0
General-9-20191214-14,0
General-9-20191214-14,0
General-9-20191214-14,0
General-9-20191214-14,0
General-9-20191214-14,0
General-9-20191214-14,0
General-9-20191214-14,0
General-9-20191214-14,0
General-9-20191214-14,0
General-9-20191214-14,0
General-9-20191214-14,0
General-9-20191214-14,0
General-9-20191214-14,0
General-9-20191214-14,0
General-9-20191214-14,0
General-9-20191214-14,0
General-9-20191214-14,0
General-9-20191214-14,0
General-9-20191214-14,0
General-9-20191214-14,0
General-9-20191214-14,0
General-9-20191214-14,0
General-9-20191214-14,0
General-9-20191214-14,0
General-9-20191214-14,0
General-9-20191214-14,0
General-9-20191214-14,0
General-9-20191214-14,0
General-9-20191214-14,0
General-9-20191214-14,0
General-9-20191214-14,0
General-9-20191214-14,0
General-9-20191214-14,0
General-9-20191214-14,0
General-9-20191214-14,0
General-9-20191214-14,0
General-9-20191214-14,0
General-9-20191214-14,0
General-9-20191214-14,0
General-9-20191214-14,0
General-9-20191214-14,0
General-9-20191214-14,0
General-9-20191214-14,0
General-9-20191214-14,0
General-9-20191214-14,0
General-9-20191214-14,0
General-9-20191214-14,0
General-9-20191214-14,0
General-9-20191214-14,0
General-9-20191214-14,0
General-9-20191214-14,0
General-9-20191214-14,0
General-9-20191214-14,0
General-9-20191214-14,0
General-9-20191214-14,0
General-9-20191214-14,0
General-9-20191214-14,0
General-9-20191214-14,0
General-9-20191214-14,0
General-9-20191214-14,0
General-9-20191214-14,0
General-9-20191214-14,0
General-9-20191214-14,0
General-9-20191214-14,0
General-9-20191214-14,0
General-9-20191214-14,0
General-9-20191214-14,0
General-9-20191214-14,0
General-9-20191214-14,0
General-9-20191214-14,0
General-9-20191214-14,0
General-9-20191214-14,0
General-9-20191214-14,0
General-9-20191214-14,0
General-9-20191214-14,0
General-9-20191214-14,0
General-9-20191214-14,0
General-9-20191214-14,0
General-9-20191214-14,0
General-9-20191214-14,0
General-9-20191214-14,0
General-9-20191214-14,0
General-9-20191214-14,0
General-9-20191214-14,0
General-9-20191214-14,0
General-9-20191214-14,0
General-9-20191214-14,0
General-9-20191214-14,0
General-9-20191214-14,0
General-9-20191214-14,0
General-9-20191214-14,0
General-9-20191214-14,0
General-9-20191214-14,0
General-9-20191214-14,0
General-9-20191214-14,0
General-9-20191214-14,0
General-9-20191214-14,0
General-9-20191214-14,0
General-9-20191214-14,0
General-9-20191214-14,0
General-9-20191214-14,0
General-9-20191214-14,0
General-9-20191214-14,0
General-9-20191214-14,0
General-9-20191214-14,0
General-9-20191214-14,0
General-9-20191214-14,0
General-9-20191214-14,0
General-9-20191214-14,0
General-9-20191214-14,0
General-9-20191214-14,0
General-9-20191214-14,0
General-9-20191214-14,0
General-9-20191214-14,0
General-9-20191214-14,0
General-9-20191214-14,0
General-9-20191214-14,0
General-9-20191214-14,0
General-9-20191214-14,0
General-9-20191214-14,0
General-9-20191214-14,0
General-9-20191214-14,0
General-9-20191214-14,0
General-9-20191214-14,0
General-9-20191214-14,0
General-9-20191214-14,0
General-9-20191214-14,0
General-9-20191214-14,0
General-9-20191214-14,0
General-9-20191214-14,0
General-9-20191214-14,0
General-9-20191214-14,0
General-9-20191214-14,0
General-9-20191214-14,0
General-9-20191214-14,0
General-9-20191214-14,0
General-9-20191214-14,0
General-9-20191214-14,0
General-9-20191214-14,0
General-9-20191214-14,0
General-9-20191214-14,0
General-9-20191214-14,0
General-9-20191214-14,0
General-9-20191214-14,0
General-9-20191214-14,0
General-9-20191214-14,0
General-9-20191214-14,0
General-9-20191214-14,0
General-9-20191214-14,0
General-9-20191214-14,0
General-9-20191214-14,0
General-9-20191214-14,0
General-9-20191214-14,0
General-9-20191214-14,0
General-9-20191214-14,0
General-9-20191214-14,0
General-9-20191214-14,0
General-9-20191214-14,0
General-9-20191214-14,0
General-9-20191214-14,0
General-9-20191214-14,0
General-9-20191214-14,0
General-9-20191214-14,0
General-9-20191214-14,0
General-9-20191214-14,0
General-9-20191214-14,0
General-9-20191214-14,0
General-9-20191214-14,0
General-9-20191214-14,0
General-9-20191214-14,0
General-9-20191214-14,0
General-9-20191214-14,0
General-9-20191214-14,0
General-9-20191214-14,0
General-9-20191214-14,0
General-9-20191214-14,0
General-9-20191214-14,0
General-9-20191214-14,0
General-9-20191214-14,0
General-9-20191214-14,0
General-9-20191214-14,0
General-9-20191214-14,0
General-9-20191214-14,0
General-9-20191214-14,0
General-9-20191214-14,0
General-9-20191214-14,0
General-9-20191214-14,0
General-9-20191214-14,0
General-9-20191214-14,0
General-9-20191214-14,0
General-9-20191214-14,0
General-9-20191214-14,0
General-9-20191214-14,0
General-9-20191214-14,0
General-9-20191214-14,0
General-9-20191214-14,0
General-9-20191214-14,0
General-9-20191214-14,0
General-9-20191214-14,0
General-9-20191214-14,0
General-9-20191214-14,0
General-9-20191214-14,0
General-9-20191214-14,0
General-9-20191214-14,0
General-9-20191214-14,0
General-9-20191214-14,0
General-9-20191214-14,0
General-9-20191214-14,0
General-9-20191214-14,0
General-9-20191214-14,0
General-9-20191214-14,0
General-9-20191214-14,0
General-9-20191214-14,0
General-9-20191214-14,0
General-9-20191214-14,0
General-9-20191214-14,0
General-9-20191214-14,0
General-9-20191214-14,0
General-9-20191214-14,0
General-9-20191214-14,0
General-9-20191214-14,0
General-9-20191214-14,0
General-9-20191214-14,0
General-9-20191214-14,0
General-9-20191214-14,0
General-9-20191214-14,0
General-9-20191214-14,0
General-9-20191214-14,0
General-9-20191214-14,0
General-9-20191214-14,0
General-9-20191214-14,0
General-9-20191214-14,0
General-9-20191214-14,0
General-9-20191214-14,0
General-9-20191214-14,0
General-9-20191214-14,0
General-9-20191214-14,0
General-9-20191214-14,0
General-9-20191214-14,0
General-9-20191214-14,0
General-9-20191214-14,0
General-9-20191214-14,0
General-9-20191214-14,0
General-9-20191214-14,0
General-9-20191214-14,0
General-9-20191214-14,0
General-9-20191214-14,0
General-9-20191214-14,0
General-9-20191214-14,0
General-9-20191214-14,0
General-9-20191214-14,0
General-9-20191214-14,0
General-9-20191214-14,0
General-9-20191214-14,0
General-9-20191214-14,0
General-9-20191214-14,0
General-9-20191214-14,0
General-9-20191214-14,0
General-9-20191214-14,0
General-9-20191214-14,0
General-9-20191214-14,0
General-9-20191214-14,0
General-9-20191214-14,0
General-9-20191214-14,0
General-9-20191214-14,0
General-9-20191214-14,0
General-9-20191214-14,0
General-9-20191214-14,0
General-9-20191214-14,0
General-9-20191214-14,0
General-9-20191214-14,0
General-9-20191214-14,0
General-9-20191214-14,0
General-9-20191214-14,0
General-9-20191214-14,0
General-9-20191214-14,0
General-9-20191214-14,0
General-9-20191214-14,0
General-9-20191214-14,0
General-9-20191214-14,0
General-9-20191214-14,0
General-9-20191214-14,0
General-9-20191214-14,0
General-9-20191214-14,0
General-9-20191214-14,0
General-9-20191214-14,0
General-9-20191214-14,0
General-9-20191214-14,0
General-9-20191214-14,0
General-9-20191214-14,0
General-9-20191214-14,0
General-9-20191214-14,0
General-9-20191214-14,0
General-9-20191214-14,0
General-9-20191214-14,0
General-9-20191214-14,0
General-9-20191214-14,0
General-9-20191214-14,0
General-9-20191214-14,0
General-9-20191214-14,0
General-9-20191214-14,0
General-9-20191214-14,0
General-9-20191214-14,0
General-9-20191214-14,0
General-9-20191214-14,0
General-9-20191214-14,0
General-9-20191214-14,0
General-9-20191214-14,0
General-9-20191214-14,0
General-9-20191214-14,0
General-9-20191214-14,0
General-9-20191214-14,0
General-9-20191214-14,0
General-9-20191214-14,0
General-9-20191214-14,0
General-9-20191214-14,0
General-9-20191214-14,0
General-9-20191214-14,0
General-9-20191214-14,0
General-9-20191214-14,0
General-9-20191214-14,0
General-9-20191214-14,0
General-9-20191214-14,0
General-9-20191214-14,0
General-9-20191214-14,0
General-9-20191214-14,0
General-9-20191214-14,0
General-9-20191214-14,0
General-9-20191214-14,0
General-9-20191214-14,0
General-9-20191214-14,0
General-9-20191214-14,0
General-9-20191214-14,0
General-9-20191214-14,0
General-9-20191214-14,0
General-9-20191214-14,0
General-9-20191214-14,0
General-9-20191214-14,0
General-9-20191214-14,0
General-9-20191214-14,0
General-9-20191214-14,0
General-9-20191214-14,0
General-9-20191214-14,0
General-9-20191214-14,0
General-9-20191214-14,0
General-9-20191214-14,0
General-9-20191214-14,0
General-9-20191214-14,0
General-9-20191214-14,0
General-9-20191214-14,0
General-9-20191214-14,0
General-9-20191214-14,0
General-9-20191214-14,0
General-9-20191214-14,0
General-9-20191214-14,0
General-9-20191214-14,0
General-9-20191214-14,0
General-9-20191214-14,0
General-9-20191214-14,0
General-9-20191214-14,0
General-9-20191214-14,0
General-9-20191214-14,0
General-9-20191214-14,0
General-9-20191214-14,0
General-9-20191214-14,0
General-9-20191214-14,0
General-9-20191214-14,0
General-9-20191214-14,0
General-9-20191214-14,0
General-9-20191214-14,0
General-9-20191214-14,0
General-9-20191214-14,0
General-9-20191214-14,0
General-9-20191214-14,0
General-9-20191214-14,0
General-9-20191214-14,0
General-9-20191214-14,0
General-9-20191214-14,0
General-9-20191214-14,0
General-9-20191214-14,0
General-9-20191214-14,0
General-9-20191214-14,0
General-9-20191214-14,0
General-9-20191214-14,0
General-9-20191214-14,0
General-9-20191214-14,0
General-9-20191214-14,0
General-9-20191214-14,0
General-9-20191214-14,0
General-9-20191214-14,0
General-9-20191214-14,0
General-9-20191214-14,0
General-9-20191214-14,0
General-9-20191214-14,0
General-9-20191214-14,0
General-9-20191214-14,0
General-9-20191214-14,0
General-9-20191214-14,0
General-9-20191214-14,0
General-9-20191214-14,0
General-9-20191214-14,0
General-9-20191214-14,0
General-9-20191214-14,0
General-9-20191214-14,0
General-9-20191214-14,0
General-9-20191214-14,0
General-9-20191214-14,0
General-9-20191214-14,0
General-9-20191214-14,0
General-9-20191214-14,0
General-9-20191214-14,0
General-9-20191214-14,0
General-9-20191214-14,0
General-9-20191214-14,0
General-9-20191214-14,0
General-9-20191214-14,0
General-9-20191214-14,0
General-9-20191214-14,0
General-9-20191214-14,0
General-9-20191214-14,0
General-9-20191214-14,0
General-9-20191214-14,0
General-9-20191214-14,0
General-9-20191214-14,0
General-9-20191214-14,0
General-9-20191214-14,0
General-9-20191214-14,0
General-9-20191214-14,0
General-9-20191214-14,0
General-9-20191214-14,0
General-9-20191214-14,0
General-9-20191214-14,0
General-9-20191214-14,0
General-9-20191214-14,0
General-9-20191214-14,0
General-9-20191214-14,0
General-9-20191214-14,0
General-9-20191214-14,0
General-9-20191214-14,0
General-9-20191214-14,0
General-9-20191214-14,0
General-9-20191214-14,0
General-9-20191214-14,0
General-9-20191214-14,0
General-9-20191214-14,0
General-9-20191214-14,0
General-9-20191214-14,0
General-9-20191214-14,0
General-9-20191214-14,0
General-9-20191214-14,0
General-9-20191214-14,0
General-9-20191214-14,0
General-9-20191214-14,0
General-9-20191214-14,0
General-9-20191214-14,0
General-9-20191214-14,0
General-9-20191214-14,0
General-9-20191214-14,0
General-9-20191214-14,0
General-9-20191214-14,0
General-9-20191214-14,0
General-9-20191214-14,0
General-9-20191214-14,0
General-9-20191214-14,0
General-9-20191214-14,0
General-9-20191214-14,0
General-9-20191214-14,0
General-9-20191214-14,0
General-9-20191214-14,0
General-9-20191214-14,0
General-9-20191214-14,0
General-9-20191214-14,0
General-9-20191214-14,0
General-9-20191214-14,0
General-9-20191214-14,0
General-9-20191214-14,0
General-9-20191214-14,0
General-9-20191214-14,0
General-9-20191214-14,0
General-9-20191214-14,0
General-9-20191214-14,0
General-9-20191214-14,0
General-9-20191214-14,0
General-9-20191214-14,0
General-9-20191214-14,0
General-9-20191214-14,0
General-9-20191214-14,0
General-9-20191214-14,0
General-9-20191214-14,0
General-9-20191214-14,0
General-9-20191214-14,0
General-9-20191214-14,0
General-9-20191214-14,0
General-9-20191214-14,0
General-9-20191214-14,0
General-9-20191214-14,0
General-9-20191214-14,0
General-9-20191214-14,0
General-9-20191214-14,0
General-9-20191214-14,0
General-9-20191214-14,0
General-9-20191214-14,0
General-9-20191214-14,0
General-9-20191214-14,0
General-9-20191214-14,0
General-9-20191214-14,0
General-9-20191214-14,0
General-9-20191214-14,0
General-9-20191214-14,0
General-9-20191214-14,0
General-9-20191214-14,0
General-9-20191214-14,0
General-9-20191214-14,0
General-9-20191214-14,0
General-9-20191214-14,0
General-9-20191214-14,0
General-9-20191214-14,0
General-9-20191214-14,0
General-9-20191214-14,0
General-9-20191214-14,0
General-9-20191214-14,0
General-9-20191214-14,0
General-9-20191214-14,0
General-9-20191214-14,0
General-9-20191214-14,0
General-9-20191214-14,0
General-9-20191214-14,0
General-9-20191214-14,0
General-9-20191214-14,0
General-9-20191214-14,0
General-9-20191214-14,0
General-9-20191214-14,0
General-9-20191214-14,0
General-9-20191214-14,0
General-9-20191214-14,0
General-9-20191214-14,0
General-9-20191214-14,0
General-9-20191214-14,0
General-9-20191214-14,0
General-9-20191214-14,0
General-9-20191214-14,0
General-9-20191214-14,0
General-9-20191214-14,0
General-9-20191214-14,0
General-9-20191214-14,0
General-9-20191214-14,0
General-9-20191214-14,0
General-9-20191214-14,0
General-9-20191214-14,0
General-9-20191214-14,0
General-9-20191214-14,0
General-9-20191214-14,0
General-9-20191214-14,0
General-9-20191214-14,0
General-9-20191214-14,0
General-9-20191214-14,0
General-9-20191214-14,0
General-9-20191214-14,0
General-9-20191214-14,0
General-9-20191214-14,0
General-9-20191214-14,0
General-9-20191214-14,0
General-9-20191214-14,0
General-9-20191214-14,0
General-9-20191214-14,0
General-9-20191214-14,0
General-9-20191214-14,0
General-9-20191214-14,0
General-9-20191214-14,0
General-9-20191214-14,0
General-9-20191214-14,0
General-9-20191214-14,0
General-9-20191214-14,0
General-9-20191214-14,0
General-9-20191214-14,0
General-9-20191214-14,0
General-9-20191214-14,0
General-9-20191214-14,0
General-9-20191214-14,0
General-9-20191214-14,0
General-9-20191214-14,0
General-9-20191214-14,0
General-9-20191214-14,0
General-9-20191214-14,0
General-9-20191214-14,0
General-9-20191214-14,0
General-9-20191214-14,0
General-9-20191214-14,0
General-9-20191214-14,0
General-9-20191214-14,0
General-9-20191214-14,0
General-9-20191214-14,0
General-9-20191214-14,0
General-9-20191214-14,0
General-9-20191214-14,0
General-9-20191214-14,0
General-9-20191214-14,0
General-9-20191214-14,0
General-9-20191214-14,0
General-9-20191214-14,0
General-9-20191214-14,0
General-9-20191214-14,0
General-9-20191214-14,0
General-9-20191214-14,0
General-9-20191214-14,0
General-9-20191214-14,0
General-9-20191214-14,0
General-9-20191214-14,0
General-9-20191214-14,0
General-9-20191214-14,0
General-9-20191214-14,0
General-9-20191214-14,0
General-9-20191214-14,0
General-9-20191214-14,0
General-9-20191214-14,0
General-9-20191214-14,0
General-9-20191214-14,0
General-9-20191214-14,0
General-9-20191214-14,0
General-9-20191214-14,0
General-9-20191214-14,0
General-9-20191214-14,0
General-9-20191214-14,0
General-9-20191214-14,0
General-9-20191214-14,0
General-9-20191214-14,0
General-9-20191214-14,0
General-9-20191214-14,0
General-9-20191214-14,0
General-9-20191214-14,0
General-9-20191214-14,0
General-9-20191214-14,0
General-9-20191214-14,0
General-9-20191214-14,0
General-9-20191214-14,0
General-9-20191214-14,0
General-9-20191214-14,0
General-9-20191214-14,0
General-9-20191214-14,0
General-9-20191214-14,0
General-9-20191214-14,0
General-9-20191214-14,0
General-9-20191214-14,0
General-9-20191214-14,0
General-9-20191214-14,0
General-9-20191214-14,0
General-9-20191214-14,0
General-9-20191214-14,0
General-9-20191214-14,0
General-9-20191214-14,0
General-9-20191214-14,0
General-9-20191214-14,0
General-9-20191214-14,0
General-9-20191214-14,0
General-9-20191214-14,0
General-9-20191214-14,0
General-9-20191214-14,0
General-9-20191214-14,0
General-9-20191214-14,0
General-9-20191214-14,0
General-9-20191214-14,0
General-9-20191214-14,0
General-9-20191214-14,0
General-9-20191214-14,0
General-9-20191214-14,0
General-9-20191214-14,0
General-9-20191214-14,0
General-9-20191214-14,0
General-9-20191214-14,0
General-9-20191214-14,0
General-9-20191214-14,0
General-9-20191214-14,0
General-9-20191214-14,0
General-9-20191214-14,0
General-9-20191214-14,0
General-9-20191214-14,0
General-9-20191214-14,0
General-9-20191214-14,0
General-9-20191214-14,0
General-9-20191214-14,0
General-9-20191214-14,0
General-9-20191214-14,0
General-9-20191214-14,0
General-9-20191214-14,0
General-9-20191214-14,0
General-9-20191214-14,0
General-9-20191214-14,0
General-9-20191214-14,0
General-9-20191214-14,0
General-9-20191214-14,0
General-9-20191214-14,0
General-9-20191214-14,0
General-9-20191214-14,0
General-9-20191214-14,0
General-9-20191214-14,0
General-9-20191214-14,0
General-9-20191214-14,0
General-9-20191214-14,0
General-9-20191214-14,0
General-9-20191214-14,0
General-9-20191214-14,0
General-9-20191214-14,0
General-9-20191214-14,0
General-9-20191214-14,0
General-9-20191214-14,0
General-9-20191214-14,0
General-9-20191214-14,0
General-9-20191214-14,0
General-9-20191214-14,0
General-9-20191214-14,0
General-9-20191214-14,0
General-9-20191214-14,0
General-9-20191214-14,0
General-9-20191214-14,0
General-9-20191214-14,0
General-9-20191214-14,0
General-9-20191214-14,0
General-9-20191214-14,0
General-9-20191214-14,0
General-9-20191214-14,0
General-9-20191214-14,0
General-9-20191214-14,0
General-9-20191214-14,0
General-9-20191214-14,0
General-9-20191214-14,0
General-9-20191214-14,0
General-9-20191214-14,0
General-9-20191214-14,0
General-9-20191214-14,0
General-9-20191214-14,0
General-9-20191214-14,0
General-9-20191214-14,0
General-9-20191214-14,0
General-9-20191214-14,0
General-9-20191214-14,0
General-9-20191214-14,0
General-9-20191214-14,0
General-9-20191214-14,0
General-9-20191214-14,0
General-9-20191214-14,0
General-9-20191214-14,0
General-9-20191214-14,0
General-9-20191214-14,0
General-9-20191214-14,0
General-9-20191214-14,0
General-9-20191214-14,0
General-9-20191214-14,0
General-9-20191214-14,0
General-9-20191214-14,0
General-9-20191214-14,0
General-9-20191214-14,0
General-9-20191214-14,0
General-9-20191214-14,0
General-9-20191214-14,0
General-9-20191214-14,0
General-9-20191214-14,0
General-9-20191214-14,0
General-9-20191214-14,0
General-9-20191214-14,0
General-9-20191214-14,0
General-9-20191214-14,0
General-9-20191214-14,0
General-9-20191214-14,0
General-9-20191214-14,0
General-9-20191214-14,0
General-9-20191214-14,0
General-9-20191214-14,0
General-9-20191214-14,0
General-9-20191214-14,0
General-9-20191214-14,0
General-9-20191214-14,0
General-9-20191214-14,0
General-9-20191214-14,0
General-9-20191214-14,0
General-9-20191214-14,0
General-9-20191214-14,0
General-9-20191214-14,0
General-9-20191214-14,0
General-9-20191214-14,0
General-9-20191214-14,0
General-9-20191214-14,0
General-9-20191214-14,0
General-9-20191214-14,0
General-9-20191214-14,0
General-9-20191214-14,0
General-9-20191214-14,0
General-9-20191214-14,0
General-9-20191214-14,0
General-9-20191214-14,0
General-9-20191214-14,0
General-9-20191214-14,0
General-9-20191214-14,0
General-9-20191214-14,0
General-9-20191214-14,0
General-9-20191214-14,0
General-9-20191214-14,0
General-9-20191214-14,0
General-9-20191214-14,0
General-9-20191214-14,0
General-9-20191214-14,0
General-9-20191214-14,0
General-9-20191214-14,0
General-9-20191214-14,0
General-9-20191214-14,0
General-9-20191214-14,0
General-9-20191214-14,0
General-9-20191214-14,0
General-9-20191214-14,0
General-9-20191214-14,0
General-9-20191214-14,0
General-9-20191214-14,0
General-9-20191214-14,0
General-9-20191214-14,0
General-9-20191214-14,0
General-9-20191214-14,0
General-9-20191214-14,0
General-9-20191214-14,0
General-9-20191214-14,0
General-9-20191214-14,0
General-9-20191214-14,0
General-9-20191214-14,0
General-9-20191214-14,0
General-9-20191214-14,0
General-9-20191214-14,0
General-9-20191214-14,0
General-9-20191214-14,0
General-9-20191214-14,0
General-9-20191214-14,0
General-9-20191214-14,0
General-9-20191214-14,0
General-9-20191214-14,0
General-9-20191214-14,0
General-9-20191214-14,0
General-9-20191214-14,0
General-9-20191214-14,0
General-9-20191214-14,0
General-9-20191214-14,0
General-9-20191214-14,0
General-9-20191214-14,0
General-9-20191214-14,0
General-9-20191214-14,0
General-9-20191214-14,0
General-9-20191214-14,0
General-9-20191214-14,0
General-9-20191214-14,0
General-9-20191214-14,0
General-9-20191214-14,0
General-9-20191214-14,0
General-9-20191214-14,0
General-9-20191214-14,0
General-9-20191214-14,0
General-9-20191214-14,0
General-9-20191214-14,0
General-9-20191214-14,0
General-9-20191214-14,0
General-9-20191214-14,0
General-9-20191214-14,0
General-9-20191214-14,0
General-9-20191214-14,0
General-9-20191214-14,0
General-9-20191214-14,0
General-9-20191214-14,0
General-9-20191214-14,0
General-9-20191214-14,0
General-9-20191214-14,0
General-9-20191214-14,0
General-9-20191214-14,0
General-9-20191214-14,0
General-9-20191214-14,0
General-9-20191214-14,0
General-9-20191214-14,0
General-9-20191214-14,0
General-9-20191214-14,0
General-9-20191214-14,0
General-9-20191214-14,0
General-9-20191214-14,0
General-9-20191214-14,0
General-9-20191214-14,0
General-9-20191214-14,0
General-9-20191214-14,0
General-9-20191214-14,0
General-9-20191214-14,0
General-9-20191214-14,0
General-9-20191214-14,0
